templateID,creatureType,prefabName,InteractionSetId,StatDatas.sType,StatDatas.sValue,StatResourceDatas.sType,StatResourceDatas.rType,StatResourceDatas.rValue,hurtboxLayoutKey,SkillIDs,skillSlotLayoutKey
0,Monster,DEV_TempMonster,,MaxHp,40,MaxHp,CurrentHp,-1,DEV_temp_hurtbox,999,
,,,,MaxMp,1,,,,,,
,,,,Atk,1,,,,,,
,,,,Def,0,,,,,,
,,,,MoveSpeed,3,,,,,,
,,,,CritRate,0,,,,,,
,,,,CritDamage,1,,,,,,
,,,,,,,,,,,
100,Monster,DEV_Nola,,MaxHp,100,MaxHp,CurrentHp,-1,DEV_temp_hurtbox,,
,,,,MaxMp,10,,,,,,
,,,,Atk,888,,,,,,
,,,,Def,0,,,,,,
,,,,MoveSpeed,1,,,,,,
,,,,CritRate,0.2,,,,,,
,,,,CritDamage,1.5,,,,,,
,,,,,,,,,,,
,,,,,,,,,,,
,,,,,,,,,,,
200,Monster,DEV_Mare_200,,MaxHp,100,MaxHp,CurrentHp,-1,DEV_temp_hurtbox,,
,,,,MaxMp,10,,,,,,
,,,,Atk,888,,,,,,
,,,,Def,0,,,,,,
,,,,MoveSpeed,1,,,,,,
,,,,CritRate,0.2,,,,,,
,,,,CritDamage,1.5,,,,,,
,,,,,,,,,,,
,,,,,,,,,,,
201,Monster,DEV_Mare_201,,MaxHp,100,MaxHp,CurrentHp,-1,DEV_temp_hurtbox,,
,,,,MaxMp,10,,,,,,
,,,,Atk,888,,,,,,
,,,,Def,0,,,,,,
,,,,MoveSpeed,1,,,,,,
,,,,CritRate,0.2,,,,,,
,,,,CritDamage,1.5,,,,,,
,,,,,,,,,,,
,,,,,,,,,,,
300,Monster,DEV_Elian,,MaxHp,100,MaxHp,CurrentHp,-1,DEV_temp_hurtbox,,
,,,,MaxMp,10,,,,,,
,,,,Atk,888,,,,,,
,,,,Def,0,,,,,,
,,,,MoveSpeed,1,,,,,,
,,,,CritRate,0.2,,,,,,
,,,,CritDamage,1.5,,,,,,